ds,trend,yhat_lower,yhat_upper,trend_lower,trend_upper,additive_terms,additive_terms_lower,additive_terms_upper,yearly,yearly_lower,yearly_upper,multiplicative_terms,multiplicative_terms_lower,multiplicative_terms_upper,yhat,yhat_pct
1990-01-01,1070.57990704,1208.428266854411,2403.291336912408,1070.57990704,1070.57990704,752.2519017660242,752.2519017660242,752.2519017660242,752.2519017660242,752.2519017660242,752.2519017660242,0.0,0.0,0.0,1822.8318088060241,18.55238956860578
1991-01-01,1180.574922735493,1323.2396431983398,2542.40827008223,1180.574922735493,1180.574922735493,770.6374492965887,770.6374492965887,770.6374492965887,770.6374492965887,770.6374492965887,770.6374492965887,0.0,0.0,0.0,1951.2123720320815,19.28014928290237
1992-01-01,1290.5699385778507,1495.233773071438,2749.171363867551,1290.5699385778507,1290.5699385778507,809.7044684280231,809.7044684280231,809.7044684280231,809.7044684280231,809.7044684280231,809.7044684280231,0.0,0.0,0.0,2100.274407005874,19.792382856331443
1993-01-01,1400.8663106207744,1487.1750324127972,2731.625200429685,1400.8663106207744,1400.8663106207744,754.5628921301945,754.5628921301945,754.5628921301945,754.5628921301945,754.5628921301945,754.5628921301945,0.0,0.0,0.0,2155.429202750969,19.462767767842422
1994-01-01,1510.8613266108453,1658.499089630503,2874.7006116317784,1510.8613266108453,1510.8613266108453,752.2519017660098,752.2519017660098,752.2519017660098,752.2519017660098,752.2519017660098,752.2519017660098,0.0,0.0,0.0,2263.113228376855,19.529686833674567
1995-01-01,1620.8563425225725,1798.9117417260281,2996.6484093291815,1620.8563425225725,1620.8563425225725,770.6374492966069,770.6374492966069,770.6374492966069,770.6374492966069,770.6374492966069,770.6374492966069,0.0,0.0,0.0,2391.4937918191795,20.112793611588778
1996-01-01,1730.8513585650205,1940.315242005653,3124.1350361318987,1730.8513585650205,1730.8513585650205,809.7044684280452,809.7044684280452,809.7044684280452,809.7044684280452,809.7044684280452,809.7044684280452,0.0,0.0,0.0,2540.5558269930657,20.90927985943737
1997-01-01,1841.1477309332017,2000.80098642375,3183.1454924868467,1841.1477309332017,1841.1477309332017,754.5628921301529,754.5628921301529,754.5628921301529,754.5628921301529,754.5628921301529,754.5628921301529,0.0,0.0,0.0,2595.7106230633544,21.17493344840246
1998-01-01,1951.1483885165774,2104.2443521992695,3298.2416312535856,1951.1483885165774,1951.1483885165774,752.2519017660228,752.2519017660228,752.2519017660228,752.2519017660228,752.2519017660228,752.2519017660228,0.0,0.0,0.0,2703.4002902826,21.597946642213838
1999-01-01,2061.1558870491435,2203.862930352346,3456.554820191594,2061.1558870491435,2061.1558870491435,770.637449296564,770.637449296564,770.637449296564,770.637449296564,770.637449296564,770.637449296564,0.0,0.0,0.0,2831.7933363457078,22.050337890498046
2000-01-01,2171.206705325072,2360.516528382656,3623.5007575695254,2171.206705325072,2171.206705325072,809.7044684283597,809.7044684283597,809.7044684283597,809.7044684283597,809.7044684283597,809.7044684283597,0.0,0.0,0.0,2980.9111737534317,22.43033243420761
2001-01-01,2281.610755398796,2375.4703882825615,3679.0767945448706,2281.610755398796,2281.610755398796,754.5628921300594,754.5628921300594,754.5628921300594,754.5628921300594,754.5628921300594,754.5628921300594,0.0,0.0,0.0,3036.1736475288553,22.15743415515126
2002-01-01,2391.80048845368,2583.428214400825,3718.969275742391,2391.80048845368,2391.80048845368,752.2519017660488,752.2519017660488,752.2519017660488,752.2519017660488,752.2519017660488,752.2519017660488,0.0,0.0,0.0,3144.0523902197287,22.411373623503422
2003-01-01,2502.1765507821774,2643.301502496187,3926.920397701227,2502.1765507821774,2502.1765507821774,770.6374492967147,770.6374492967147,770.6374492967147,770.6374492967147,770.6374492967147,770.6374492967147,0.0,0.0,0.0,3272.814000078892,22.727194857676196
2004-01-01,2612.7088620695945,2819.930696603938,3991.008822571696,2612.7088620695945,2612.7088620695945,809.7044684279178,809.7044684279178,809.7044684279178,809.7044684279178,809.7044684279178,809.7044684279178,0.0,0.0,0.0,3422.413330497512,23.10835908209337
2005-01-01,2723.744255234795,2875.597076521494,4060.7217165238053,2723.744255234795,2723.744255234795,754.5628921301113,754.5628921301113,754.5628921301113,754.5628921301113,754.5628921301113,754.5628921301113,0.0,0.0,0.0,3478.3071473649065,23.537091642110404
2006-01-01,2834.680992809026,2908.2453446399695,4190.595712926114,2834.680992809026,2834.680992809026,752.2519017659852,752.2519017659852,752.2519017659852,752.2519017659852,752.2519017659852,752.2519017659852,0.0,0.0,0.0,3586.9328945750112,23.85710928289967
2007-01-01,2945.798516870144,3120.890483799303,4335.308189580146,2945.798516870144,2945.798516870144,770.637449296586,770.637449296586,770.637449296586,770.637449296586,770.637449296586,770.637449296586,0.0,0.0,0.0,3716.43596616673,23.88918622487266
2008-01-01,3057.3058211326093,3229.551749583821,4505.967505163451,3057.3058211326093,3057.3058211326093,809.7044684282141,809.7044684282141,809.7044684282141,809.7044684282141,809.7044684282141,809.7044684282141,0.0,0.0,0.0,3867.0102895608234,24.035007830931058
2009-01-01,3169.2916925391946,3288.425861039384,4531.954395657963,3169.2916925391946,3169.2916925391946,754.5628921302206,754.5628921302206,754.5628921302206,754.5628921302206,754.5628921302206,754.5628921302206,0.0,0.0,0.0,3923.854584669415,23.270480537767092
2010-01-01,3281.053380057582,3429.9591448300116,4628.274741925606,3281.053380057582,3281.053380057582,752.2519017660488,752.2519017660488,752.2519017660488,752.2519017660488,752.2519017660488,752.2519017660488,0.0,0.0,0.0,4033.305281823631,23.035562964788838
2011-01-01,3392.876992104893,3556.2006195021995,4729.398576518832,3392.876992104893,3392.876992104893,770.6374492966471,770.6374492966471,770.6374492966471,770.6374492966471,770.6374492966471,770.6374492966471,0.0,0.0,0.0,4163.51444140154,22.811601359341545
2012-01-01,3504.7376664067315,3658.7014816965802,4922.132059421294,3504.7376664067315,3504.7376664067315,809.7044684281817,809.7044684281817,809.7044684281817,809.7044684281817,809.7044684281817,809.7044684281817,0.0,0.0,0.0,4314.442134834913,22.537355043038833
2013-01-01,3616.9048083093976,3782.2137115279716,4963.9897724998345,3616.9048083093976,3616.9048083093976,754.5628921300424,754.5628921300424,754.5628921300424,754.5628921300424,754.5628921300424,754.5628921300424,0.0,0.0,0.0,4371.46770043944,22.484846821472587
2014-01-01,3728.765482611236,3842.4400462158733,5090.617286251886,3728.765482611236,3728.765482611236,752.2519017660527,752.2519017660527,752.2519017660527,752.2519017660527,752.2519017660527,752.2519017660527,0.0,0.0,0.0,4481.017384377289,23.12551209187302
2015-01-01,3840.626156913075,4019.110986488582,5262.780367193452,3840.626156913075,3840.626156913075,770.6374492965081,770.6374492965081,770.6374492965081,770.6374492965081,770.6374492965081,770.6374492965081,0.0,0.0,0.0,4611.2636062095835,22.190320993784628
2016-01-01,3952.486831214914,4104.462200271915,5405.582915423845,3952.486831214914,3952.486831214914,809.70446842817,809.70446842817,809.70446842817,809.70446842817,809.70446842817,809.70446842817,0.0,0.0,0.0,4762.191299643084,22.148058546381677
2017-01-01,4064.65397311758,4173.9420565767105,5446.288192306677,4064.65397311758,4064.65397311758,754.5628921302283,754.5628921302283,754.5628921302283,754.5628921302283,754.5628921302283,754.5628921302283,0.0,0.0,0.0,4819.2168652478085,21.958620952815945
2018-01-01,4176.514647419419,4355.0639743348065,5538.807971417238,4176.445776953123,4176.591099481696,752.2519017660215,752.2519017660215,752.2519017660215,752.2519017660215,752.2519017660215,752.2519017660215,0.0,0.0,0.0,4928.76654918544,21.866425783980713
2019-01-01,4288.375321721258,4417.181068676204,5687.2153213658985,4288.149398219695,4288.618292141331,770.6374492966588,770.6374492966588,770.6374492966588,770.6374492966588,770.6374492966588,770.6374492966588,0.0,0.0,0.0,5059.012771017917,22.041476394564935
2020-01-01,4400.235996023097,4609.394488920838,5824.340620954085,4399.811661761796,4400.701732394332,809.7044684282272,809.7044684282272,809.7044684282272,809.7044684282272,809.7044684282272,809.7044684282272,0.0,0.0,0.0,5209.940464451324,22.346892734171345
2021-01-01,4512.403137925763,4661.899812460256,5881.52697262016,4511.739419296698,4513.098405782205,754.5628921301283,754.5628921301283,754.5628921301283,754.5628921301283,754.5628921301283,754.5628921301283,0.0,0.0,0.0,5266.966030055892,22.01407790116732
2022-01-01,4624.263812227602,4804.383023011731,5981.7562015016965,4623.3254189159625,4625.220917993661,752.2519017660813,752.2519017660813,752.2519017660813,752.2519017660813,752.2519017660813,752.2519017660813,0.0,0.0,0.0,5376.515713993684,21.882106354769423
2023-01-01,4736.12448652944,4884.444776745026,6091.640850663024,4734.873772498855,4737.361568067501,770.6374492967889,770.6374492967889,770.6374492967889,770.6374492967889,770.6374492967889,770.6374492967889,0.0,0.0,0.0,5506.761935826229,21.54481306230054
2024-01-01,4847.985160831279,5051.029507554446,6261.224321273561,4846.368791031137,4849.548953228257,809.704468427797,809.704468427797,809.704468427797,809.704468427797,809.704468427797,809.704468427797,0.0,0.0,0.0,5657.689629259076,21.844525421213255
2025-01-01,4960.152302733945,5136.492886318564,6301.864213933354,4958.1488080533445,4962.103756591431,754.5628921303323,754.5628921303323,754.5628921303323,754.5628921303323,754.5628921303323,754.5628921303323,0.0,0.0,0.0,5714.715194864278,22.09375551935956
2026-01-01,5072.012977035784,5184.653853072208,6405.434542945778,5069.649954606505,5074.342243248228,752.2519017660501,752.2519017660501,752.2519017660501,752.2519017660501,752.2519017660501,752.2519017660501,0.0,0.0,0.0,5824.264878801834,22.513898946342156
2027-01-01,5183.873651337623,5304.607913673871,6541.907227971602,5181.160559262488,5186.5801446882515,770.6374492966887,770.6374492966887,770.6374492966887,770.6374492966887,770.6374492966887,770.6374492966887,0.0,0.0,0.0,5954.511100634312,22.60371927236283
2028-01-01,5295.7343256394615,5516.780581555657,6691.682103877625,5292.617180914026,5298.85279693788,809.7044684280634,809.7044684280634,809.7044684280634,809.7044684280634,809.7044684280634,809.7044684280634,0.0,0.0,0.0,6105.438794067525,22.76749047936761
2029-01-01,5407.901467542128,5579.014920019003,6766.290047952983,5404.265505086493,5411.409517966159,754.5628921301374,754.5628921301374,754.5628921301374,754.5628921301374,754.5628921301374,754.5628921301374,0.0,0.0,0.0,6162.464359672265,22.581488360202176
2030-01-01,5519.762141843968,5654.123864925919,6855.850953531757,5515.682421607945,5523.745085101934,752.251901765928,752.251901765928,752.251901765928,752.251901765928,752.251901765928,752.251901765928,0.0,0.0,0.0,6272.014043609895,22.59101497300822
2031-01-01,5631.622816145806,5788.172550872568,7014.353637893108,5627.040726260332,5636.098484863357,770.6374492967329,770.6374492967329,770.6374492967329,770.6374492967329,770.6374492967329,770.6374492967329,0.0,0.0,0.0,6402.260265442539,22.673518649602823
2032-01-01,5743.483490447646,5953.243538392817,7122.258640749105,5738.350992606107,5748.400436696668,809.7044684282116,809.7044684282116,809.7044684282116,809.7044684282116,809.7044684282116,809.7044684282116,0.0,0.0,0.0,6553.1879588758575,22.825336833169835
2033-01-01,5855.65063235031,6036.279264741857,7188.125638809059,5849.994289461425,5861.01771886439,754.5628921303388,754.5628921303388,754.5628921303388,754.5628921303388,754.5628921303388,754.5628921303388,0.0,0.0,0.0,6610.213524480649,22.650465682443095
2034-01-01,5967.51130665215,6132.593611544356,7380.595888318913,5961.3126942010595,5973.38618759438,752.2519017660982,752.2519017660982,752.2519017660982,752.2519017660982,752.2519017660982,752.2519017660982,0.0,0.0,0.0,6719.763208418248,22.658282904868383
2035-01-01,6079.371980953989,6232.199862548367,7465.282022360649,6072.615142371553,6085.873154394853,770.6374492966329,770.6374492966329,770.6374492966329,770.6374492966329,770.6374492966329,770.6374492966329,0.0,0.0,0.0,6850.009430250622,22.73454435910029
2036-01-01,6191.232655255827,6376.198579400341,7653.657673286654,6183.95834841178,6198.23029922674,809.7044684285482,809.7044684285482,809.7044684285482,809.7044684285482,809.7044684285482,809.7044684285482,0.0,0.0,0.0,7000.937123684375,22.876024474565735
2037-01-01,6303.399797158494,6469.32109909111,7618.670603772094,6295.5656334037185,6311.065373535915,754.5628921301543,754.5628921301543,754.5628921301543,754.5628921301543,754.5628921301543,754.5628921301543,0.0,0.0,0.0,7057.962689288648,22.71103682856448
2038-01-01,6415.260471460332,6557.794396331795,7762.253047968872,6406.732770110723,6423.5567854277215,752.2519017660306,752.2519017660306,752.2519017660306,752.2519017660306,752.2519017660306,752.2519017660306,0.0,0.0,0.0,7167.512373226363,22.71747599064872
2039-01-01,6527.121145762171,6670.755822514838,7891.346139658308,6518.1106418271775,6536.019602448341,770.6374492963716,770.6374492963716,770.6374492963716,770.6374492963716,770.6374492963716,770.6374492963716,0.0,0.0,0.0,7297.758595058543,22.78835283387331
2040-01-01,6638.98182006401,6821.279841628043,8022.629780719695,6629.325954345433,6648.480647496907,809.7044684283155,809.7044684283155,809.7044684283155,809.7044684283155,809.7044684283155,809.7044684283155,0.0,0.0,0.0,7448.686288492326,22.92080484606764
2041-01-01,6751.148961966676,6897.22771224791,8088.736979309606,6740.897112094249,6761.3727604166015,754.5628921300789,754.5628921300789,754.5628921300789,754.5628921300789,754.5628921300789,754.5628921300789,0.0,0.0,0.0,7505.711854096755,22.76465021481723
2042-01-01,6863.009636268515,6987.467533045593,8221.64070850025,6852.112856285289,6873.722265916758,752.2519017659721,752.2519017659721,752.2519017659721,752.2519017659721,752.2519017659721,752.2519017659721,0.0,0.0,0.0,7615.261538034488,22.769965862381643
2043-01-01,6974.870310570355,7151.715569220032,8340.720206320093,6963.451356431366,6986.080340998575,770.6374492968616,770.6374492968616,770.6374492968616,770.6374492968616,770.6374492968616,770.6374492968616,0.0,0.0,0.0,7745.507759867217,22.83615291633704
2044-01-01,7086.730984872193,7271.430451167981,8465.156350612504,7074.806220183243,7098.529667179411,809.7044684282454,809.7044684282454,809.7044684282454,809.7044684282454,809.7044684282454,809.7044684282454,0.0,0.0,0.0,7896.435453300439,22.960653758842973
2045-01-01,7198.8981267748595,7343.359479354011,8583.082120017969,7186.344479121157,7211.449529170193,754.5628921302166,754.5628921302166,754.5628921302166,754.5628921302166,754.5628921302166,754.5628921302166,0.0,0.0,0.0,7953.461018905076,22.81243957428586
2046-01-01,7310.758801076698,7446.969246295397,8638.135078905052,7297.469621300491,7323.977569892238,752.2519017660787,752.2519017660787,752.2519017660787,752.2519017660787,752.2519017660787,752.2519017660787,0.0,0.0,0.0,8063.0107028427765,22.816830143361052
2047-01-01,7422.619475378537,7577.44856856982,8809.512582213443,7408.533729877877,7436.608630118266,770.6374492967863,770.6374492967863,770.6374492967863,770.6374492967863,770.6374492967863,770.6374492967863,0.0,0.0,0.0,8193.256924675323,22.87889775947897
2048-01-01,7534.480149680375,7760.670157278639,9020.4791543148,7519.544198873285,7549.384440964345,809.7044684278073,809.7044684278073,809.7044684278073,809.7044684278073,809.7044684278073,809.7044684278073,0.0,0.0,0.0,8344.184618108182,22.996343317404563
2049-01-01,7646.647291583041,7802.59599772142,9030.955006738417,7630.9434684479675,7662.21526948178,754.562892130084,754.562892130084,754.562892130084,754.562892130084,754.562892130084,754.562892130084,0.0,0.0,0.0,8401.210183713125,22.85530501439523
2050-01-01,7758.507965884879,7909.827657319677,9175.428936033832,7741.950074963351,7774.716424147394,752.2519017661048,752.2519017661048,752.2519017661048,752.2519017661048,752.2519017661048,752.2519017661048,0.0,0.0,0.0,8510.759867650984,22.85892721726784
2051-01-01,7870.368640186721,8025.236179845336,9288.537689738427,7853.180795219036,7887.123073167736,770.637449296486,770.637449296486,770.637449296486,770.637449296486,770.637449296486,770.637449296486,0.0,0.0,0.0,8641.006089483206,22.917349034611515
2052-01-01,7982.229314488559,8215.415242670533,9371.884539726194,7964.13166193453,7999.782974349674,809.7044684283064,809.7044684283064,809.7044684283064,809.7044684283064,809.7044684283064,809.7044684283064,0.0,0.0,0.0,8791.933782916865,23.02849243933176
2053-01-01,8094.396456391225,8275.071093187225,9487.399547033265,8075.176152797853,8112.892461739565,754.5628921300802,754.5628921300802,754.5628921300802,754.5628921300802,754.5628921300802,754.5628921300802,0.0,0.0,0.0,8848.959348521304,22.893970246949134
2054-01-01,8206.257130693064,8346.096465774748,9566.505776813261,8186.00918018926,8225.658647900926,752.2519017659852,752.2519017659852,752.2519017659852,752.2519017659852,752.2519017659852,752.2519017659852,0.0,0.0,0.0,8958.50903245905,22.896949284289597
2055-01-01,8318.117804994901,8484.403359081212,9683.151355914983,8297.085426924385,8338.624239272822,770.6374492968473,770.6374492968473,770.6374492968473,770.6374492968473,770.6374492968473,770.6374492968473,0.0,0.0,0.0,9088.75525429175,22.95212271605411
2056-01-01,8429.97847929674,8629.450947789315,9820.69525775139,8408.117731431388,8451.243931960204,809.7044684279685,809.7044684279685,809.7044684279685,809.7044684279685,809.7044684279685,809.7044684279685,0.0,0.0,0.0,9239.682947724708,23.05760305065713
2057-01-01,8542.145621199406,8650.981722461536,9895.359861079814,8519.312135382761,8564.344513507363,754.5628921300971,754.5628921300971,754.5628921300971,754.5628921300971,754.5628921300971,754.5628921300971,0.0,0.0,0.0,9296.708513329504,22.929023780680375
2058-01-01,8654.006295501247,8784.648359236364,9995.82304931917,8630.038931603029,8677.069004366052,752.2519017660995,752.2519017660995,752.2519017660995,752.2519017660995,752.2519017660995,752.2519017660995,0.0,0.0,0.0,9406.258197267347,22.9314607210037
2059-01-01,8765.866969803083,8962.596096539437,10197.797389289282,8740.79202393043,8789.82814114974,770.6374492967473,770.6374492967473,770.6374492967473,770.6374492967473,770.6374492967473,770.6374492967473,0.0,0.0,0.0,9536.50441909983,22.98372232842026
2060-01-01,8877.727644104925,9067.899627150171,10335.808881618908,8851.66684777212,8902.381048981764,809.704468427949,809.704468427949,809.704468427949,809.704468427949,809.704468427949,809.704468427949,0.0,0.0,0.0,9687.432112532875,23.084086481573433
2061-01-01,8989.89478600759,9105.392369739382,10369.373689620195,8963.014384496128,9015.235035496202,754.5628921304519,754.5628921304519,754.5628921304519,754.5628921304519,754.5628921304519,754.5628921304519,0.0,0.0,0.0,9744.457678138042,22.960949085554795
2062-01-01,9101.755460309429,9195.203568536233,10471.129830804593,9074.180858171325,9128.114246511795,752.2519017661632,752.2519017661632,752.2519017661632,752.2519017661632,752.2519017661632,752.2519017661632,0.0,0.0,0.0,9854.007362075592,22.96292628367867
2063-01-01,9213.616134611268,9412.874969880177,10608.033901391536,9185.338954290764,9241.121098663523,770.6374492967044,770.6374492967044,770.6374492967044,770.6374492967044,770.6374492967044,770.6374492967044,0.0,0.0,0.0,9984.253583907972,23.012563487062522
2064-01-01,9325.476808913107,9501.66245658072,10743.667203935342,9296.444304495642,9354.234904710893,809.7044684287952,809.7044684287952,809.7044684287952,809.7044684287952,809.7044684287952,809.7044684287952,0.0,0.0,0.0,10135.181277341902,23.108283024179606
2065-01-01,9437.643950815775,9550.836950104465,10792.61537249714,9407.591111265887,9467.58891681567,754.5628921302907,754.5628921302907,754.5628921302907,754.5628921302907,754.5628921302907,754.5628921302907,0.0,0.0,0.0,10192.206842946065,22.9901470263012
2066-01-01,9549.50462511761,9669.403172181785,10918.762261557937,9518.41104566375,9580.560833386913,752.2519017660436,752.2519017660436,752.2519017660436,752.2519017660436,752.2519017660436,752.2519017660436,0.0,0.0,0.0,10301.756526883653,22.99173215976662
2067-01-01,9661.36529941945,9806.771732427937,11037.9838169365,9629.678623222193,9693.442007862754,770.6374492969045,770.6374492969045,770.6374492969045,770.6374492969045,770.6374492969045,770.6374492969045,0.0,0.0,0.0,10432.002748716355,23.03899228058502
2068-01-01,9773.22597372129,9978.24555649212,11194.97968429531,9740.72104458218,9806.352334766621,809.7044684285755,809.7044684285755,809.7044684285755,809.7044684285755,809.7044684285755,809.7044684285755,0.0,0.0,0.0,10582.930442149865,23.1304766333958
2069-01-01,9885.393115623956,10010.117216782071,11217.778302766028,9852.021675569144,9919.597461514273,754.5628921301218,754.5628921301218,754.5628921301218,754.5628921301218,754.5628921301218,754.5628921301218,0.0,0.0,0.0,10639.956007754077,23.016952782018983
2070-01-01,9997.253789925793,10141.134032430964,11344.208656845354,9962.828622802206,10032.598581903281,752.2519017660982,752.2519017660982,752.2519017660982,752.2519017660982,752.2519017660982,752.2519017660982,0.0,0.0,0.0,10749.505691691891,23.01820189760692
2071-01-01,10109.114464227632,10279.796483818109,11481.911165793275,10073.858666688318,10145.788684698662,770.6374492969877,770.6374492969877,770.6374492969877,770.6374492969877,770.6374492969877,770.6374492969877,0.0,0.0,0.0,10879.75191352462,23.06329922581341
2072-01-01,10220.975138529471,10394.54243749563,11646.661775807046,10184.262777475646,10258.706732311088,809.7044684281258,809.7044684281258,809.7044684281258,809.7044684281258,809.7044684281258,809.7044684281258,0.0,0.0,0.0,11030.679606957598,23.150906122265102
2073-01-01,10333.142280432137,10500.143168979377,11659.636948248393,10295.491025654506,10372.02582039507,754.5628921303323,754.5628921303323,754.5628921303323,754.5628921303323,754.5628921303323,754.5628921303323,0.0,0.0,0.0,11087.70517256247,23.041648770766
2074-01-01,10445.002954733978,10628.158382133466,11791.283659743336,10406.106423363712,10484.85280986059,752.2519017661658,752.2519017661658,752.2519017661658,752.2519017661658,752.2519017661658,752.2519017661658,0.0,0.0,0.0,11197.254856500143,23.042608611492593
2075-01-01,10556.863629035817,10711.232311301872,11945.623536237927,10516.914489123212,10597.965464243161,770.6374492968162,770.6374492968162,770.6374492968162,770.6374492968162,770.6374492968162,770.6374492968162,0.0,0.0,0.0,11327.501078332632,23.085729991340916
2076-01-01,10668.724303337654,10835.093329643321,12059.851816083248,10627.750024884426,10711.032513458105,809.7044684288289,809.7044684288289,809.7044684288289,809.7044684288289,809.7044684288289,809.7044684288289,0.0,0.0,0.0,11478.428771766483,23.169773789619448
2077-01-01,10780.89144524032,10948.780307038973,12159.773351893764,10739.042389547212,10824.048684120895,754.5628921301062,754.5628921301062,754.5628921301062,754.5628921301062,754.5628921301062,754.5628921301062,0.0,0.0,0.0,11535.454337370427,23.064474637975906
2078-01-01,10892.75211954216,11063.94250530089,12235.769211101819,10849.974098372975,10936.992888299654,752.2519017660527,752.2519017660527,752.2519017660527,752.2519017660527,752.2519017660527,752.2519017660527,0.0,0.0,0.0,11645.004021308212,23.065184440027796
2079-01-01,11004.612793843999,11149.9132682174,12348.25987283401,10960.451430198023,11050.026140842243,770.6374492963951,770.6374492963951,770.6374492963951,770.6374492963951,770.6374492963951,770.6374492963951,0.0,0.0,0.0,11775.250243140394,23.106493730190444
2080-01-01,11116.473468145836,11329.614928281257,12510.851589303998,11071.095398459742,11163.068960336954,809.704468428465,809.704468428465,809.704468428465,809.704468428465,809.704468428465,809.704468428465,0.0,0.0,0.0,11926.1779365743,23.187252141854007
2081-01-01,11228.640610048504,11397.496632601746,12620.278041328607,11182.257290968131,11276.76107770146,754.5628921303103,754.5628921303103,754.5628921303103,754.5628921303103,754.5628921303103,754.5628921303103,0.0,0.0,0.0,11983.203502178814,23.08563505852473
2082-01-01,11340.501284350343,11457.740649142972,12670.993286584633,11292.957599661377,11389.958667723855,752.2519017660969,752.2519017660969,752.2519017660969,752.2519017660969,752.2519017660969,752.2519017660969,0.0,0.0,0.0,12092.753186116439,23.086127952862647
2083-01-01,11452.361958652182,11641.490282054132,12859.23144962545,11403.839992177287,11503.493601753102,770.6374492969721,770.6374492969721,770.6374492969721,770.6374492969721,770.6374492969721,770.6374492969721,0.0,0.0,0.0,12222.999407949153,23.125769621222357
2084-01-01,11564.22263295402,11765.083669863063,12986.153501011622,11513.867484693921,11616.372169221953,809.7044684286911,809.7044684286911,809.7044684286911,809.7044684286911,809.7044684286911,809.7044684286911,0.0,0.0,0.0,12373.927101382713,23.203489182584068
2085-01-01,11676.389774856685,11844.12441792458,13060.563271977937,11624.706746578668,11729.578604484308,754.5628921302374,754.5628921302374,754.5628921302374,754.5628921302374,754.5628921302374,754.5628921302374,0.0,0.0,0.0,12430.952666986923,23.10530589110694
2086-01-01,11788.250449158524,11971.265971925584,13165.099775672346,11735.524848309044,11842.578440428093,752.2519017661723,752.2519017661723,752.2519017661723,752.2519017661723,752.2519017661723,752.2519017661723,0.0,0.0,0.0,12540.502350924697,23.105610006877146
2087-01-01,11900.111123460363,12047.981603441523,13308.484358822328,11846.114261855077,11956.22369454429,770.6374492971865,770.6374492971865,770.6374492971865,770.6374492971865,770.6374492971865,770.6374492971865,0.0,0.0,0.0,12670.74857275755,23.14371205297616
2088-01-01,12011.971797762204,12215.665572351809,13495.406365281968,11957.234650906636,12069.397864825605,809.7044684281531,809.7044684281531,809.7044684281531,809.7044684281531,809.7044684281531,809.7044684281531,0.0,0.0,0.0,12821.676266190358,23.21861261390986
2089-01-01,12124.13893966487,12219.917993911638,13519.288666623728,12068.647802425421,12182.960478077379,754.5628921301075,754.5628921301075,754.5628921301075,754.5628921301075,754.5628921301075,754.5628921301075,0.0,0.0,0.0,12878.701831794977,23.123639077100158
2090-01-01,12235.99961396671,12368.615239730616,13569.532074676541,12179.12399917397,12296.414188862384,752.2519017658591,752.2519017658591,752.2519017658591,752.2519017658591,752.2519017658591,752.2519017658591,0.0,0.0,0.0,12988.251515732569,23.12377841774919
2091-01-01,12347.860288268546,12548.084426887632,13743.832509226586,12289.59809698895,12409.471210413469,770.6374492964327,770.6374492964327,770.6374492964327,770.6374492964327,770.6374492964327,770.6374492964327,0.0,0.0,0.0,13118.49773756498,23.16045476767627
2092-01-01,12459.720962570385,12663.182436129524,13899.05253535107,12400.57121528651,12522.710906269449,809.7044684287406,809.7044684287406,809.7044684287406,809.7044684287406,809.7044684287406,809.7044684287406,0.0,0.0,0.0,13269.425430999127,23.232733201940352
2093-01-01,12571.888104473051,12736.733414186561,13942.822241548482,12511.363256315935,12635.917512258486,754.5628921297878,754.5628921297878,754.5628921297878,754.5628921297878,754.5628921297878,754.5628921297878,0.0,0.0,0.0,13326.45099660284,23.14076657289564
2094-01-01,12683.74877877489,12815.754133604294,14048.893824693034,12621.9066876715,12749.338880975962,752.251901766106,752.251901766106,752.251901766106,752.251901766106,752.251901766106,752.251901766106,0.0,0.0,0.0,13436.000680540996,23.140761717356245
2095-01-01,12795.609453076731,12955.898432224087,14163.094242027648,12732.693163003902,12862.957113226339,770.637449297028,770.637449297028,770.637449297028,770.637449297028,770.637449297028,770.637449297028,0.0,0.0,0.0,13566.24690237376,23.176114200862706
2096-01-01,12907.47012737857,13101.898426668806,14330.33886974125,12843.539479170093,12976.455802464863,809.7044684290083,809.7044684290083,809.7044684290083,809.7044684290083,809.7044684290083,809.7044684290083,0.0,0.0,0.0,13717.174595807579,23.24594749427057
2097-01-01,13019.637269281235,13157.383742353202,14366.10334510746,12954.592922319924,13090.075146166851,754.5628921305091,754.5628921305091,754.5628921305091,754.5628921305091,754.5628921305091,754.5628921305091,0.0,0.0,0.0,13774.200161411743,23.156803531098884
2098-01-01,13131.497943583074,13245.60627933505,14520.988315294422,13065.32051894852,13203.340278662192,752.2519017661931,752.2519017661931,752.2519017661931,752.2519017661931,752.2519017661931,752.2519017661931,0.0,0.0,0.0,13883.749845349266,23.15667219911595
2099-01-01,13243.358617884913,13376.322309525525,14624.843239286782,13176.067707257944,13316.38371526142,770.6374492963638,770.6374492963638,770.6374492963638,770.6374492963638,770.6374492963638,770.6374492963638,0.0,0.0,0.0,14013.996067181277,23.190792193080835
2100-01-01,13355.219292186752,13568.11814194058,14774.90017883362,13286.828338894053,13429.896579752505,809.7044684284156,809.7044684284156,809.7044684284156,809.7044684284156,809.7044684284156,809.7044684284156,0.0,0.0,0.0,14164.923760615167,23.258340030502374
2101-01-01,13467.079966488589,13704.887712320387,14921.81630364322,13397.17289077264,13543.212712634242,869.4010919431711,869.4010919431711,869.4010919431711,869.4010919431711,869.4010919431711,869.4010919431711,0.0,0.0,0.0,14336.48105843176,23.358457676482473
2102-01-01,13578.940640790432,13908.96167365057,15115.858822218503,13507.923399226607,13656.183446639783,949.6387300046098,949.6387300046098,949.6387300046098,949.6387300046098,949.6387300046098,949.6387300046098,0.0,0.0,0.0,14528.579370795042,23.490253992713313
2103-01-01,13690.801315092269,14109.765842583776,15367.271478216222,13618.3930479112,13769.325760117605,1050.2922106183205,1050.2922106183205,1050.2922106183205,1050.2922106183205,1050.2922106183205,1050.2922106183205,0.0,0.0,0.0,14741.093525710588,23.652806220153558
2104-01-01,13802.661989394106,14419.419181698033,15607.344347037613,13729.092887744893,13882.40799229893,1171.199982024585,1171.199982024585,1171.199982024585,1171.199982024585,1171.199982024585,1171.199982024585,0.0,0.0,0.0,14973.861971418692,23.845161493265994
2105-01-01,13914.829131296774,14170.49411914966,15408.128106395392,13840.577989496,13996.209163871352,869.4010919441173,869.4010919441173,869.4010919441173,869.4010919441173,869.4010919441173,869.4010919441173,0.0,0.0,0.0,14784.230223240891,23.36701912571835
2106-01-01,14026.689805598611,14383.062986278364,15595.738151490523,13951.691497377098,14108.987354628654,949.6387300044655,949.6387300044655,949.6387300044655,949.6387300044655,949.6387300044655,949.6387300044655,0.0,0.0,0.0,14976.328535603077,
2107-01-01,14138.55047990045,14560.284692924204,15798.077949770139,14062.443574676498,14222.217792262221,1050.2922106176914,1050.2922106176914,1050.2922106176914,1050.2922106176914,1050.2922106176914,1050.2922106176914,0.0,0.0,0.0,15188.842690518142,
2108-01-01,14250.41115420229,14830.390192524525,16039.589703270383,14172.446920500892,14335.922143312147,1171.1999820278825,1171.1999820278825,1171.1999820278825,1171.1999820278825,1171.1999820278825,1171.1999820278825,0.0,0.0,0.0,15421.61113623017,
2109-01-01,14362.578296104955,14628.059423458777,15898.07514396622,14283.644156256332,14449.713022774475,869.4010919427227,869.4010919427227,869.4010919427227,869.4010919427227,869.4010919427227,869.4010919427227,0.0,0.0,0.0,15231.979388047677,
2110-01-01,14474.438970406793,14804.256475919732,16061.934332183142,14394.451979998134,14563.542312483887,949.6387300038377,949.6387300038377,949.6387300038377,949.6387300038377,949.6387300038377,949.6387300038377,0.0,0.0,0.0,15424.077700410631,
2111-01-01,14586.299644708635,15012.280629663142,16284.054714348009,14505.012595395589,14676.851151847219,1050.2922106204535,1050.2922106204535,1050.2922106204535,1050.2922106204535,1050.2922106204535,1050.2922106204535,0.0,0.0,0.0,15636.591855329089,
2112-01-01,14698.160319010472,15283.68711562983,16469.338860661257,14615.79864051046,14789.797983907869,1171.1999820247047,1171.1999820247047,1171.1999820247047,1171.1999820247047,1171.1999820247047,1171.1999820247047,0.0,0.0,0.0,15869.360301035176,
2113-01-01,14810.327460913139,15046.215997600553,16274.738461014338,14726.480651097514,14903.398297408472,869.4010919435962,869.4010919435962,869.4010919435962,869.4010919435962,869.4010919435962,869.4010919435962,0.0,0.0,0.0,15679.728552856735,
2114-01-01,14922.188135214978,15239.039148483742,16474.595765039307,14836.666307001906,15016.76389479521,949.6387300051907,949.6387300051907,949.6387300051907,949.6387300051907,949.6387300051907,949.6387300051907,0.0,0.0,0.0,15871.826865220168,
2115-01-01,15034.048809516817,15482.816453173235,16717.499265972692,14946.901503061725,15130.229870774067,1050.2922106169792,1050.2922106169792,1050.2922106169792,1050.2922106169792,1050.2922106169792,1050.2922106169792,0.0,0.0,0.0,16084.341020133796,
2116-01-01,15145.909483818654,15706.004572281552,16956.03105180632,15058.086404497411,15243.13593695666,1171.199982026406,1171.199982026406,1171.199982026406,1171.199982026406,1171.199982026406,1171.199982026406,0.0,0.0,0.0,16317.10946584506,
2117-01-01,15258.07662572132,15545.65242024797,16804.050787981818,15169.705372576009,15356.395348110082,869.4010919423692,869.4010919423692,869.4010919423692,869.4010919423692,869.4010919423692,869.4010919423692,0.0,0.0,0.0,16127.477717663689,
